PlateID,Row,Column,Organism,Species,Genotype,Tissue,Comments,P1,P2,Field,Weather,Breeder,Flower
75,A,1,Cucumber,Cucumis sativus,P75A01,leaf,WI7864_F2_001,Sire1,Dam1,Field324,Sunny,Josue,Yellow
75,B,1,Cucumber,Cucumis sativus,P75B01,leaf,WI7864_F2_031,Sire2,Dam2,Field325,Sunny,Josue,Green
75,C,1,Cucumber,Cucumis sativus,P75C01,leaf,WI7864_F2_051,Sire3,Dam3,Field326,Sunny,Josue,Blue
75,D,1,Cucumber,Cucumis sativus,P75D01,leaf,WI7864_F2_074,Sire4,Dam4,Field327,Sunny,Josue,Yellow
75,E,1,Cucumber,Cucumis sativus,P75E01,leaf,WI7864_F2_114,Sire5,Dam5,Field328,Sunny,Josue,Green
75,F,1,Cucumber,Cucumis sativus,P75F01,leaf,WI7864_F2_136,Sire6,Dam6,Field329,Sunny,Josue,Blue
75,G,1,Cucumber,Cucumis sativus,P75G01,leaf,WI7864_F2_163,Sire7,Dam7,Field330,Sunny,Josue,Yellow
75,H,1,Cucumber,Cucumis sativus,P75H01,leaf,WI7864_F2_186,Sire8,Dam8,Field331,Sunny,Josue,Green
75,A,2,Cucumber,Cucumis sativus,P75A02,leaf,WI7864_F2_003,Sire9,Dam9,Field332,Sunny,Josue,Blue
75,B,2,Cucumber,Cucumis sativus,P75B02,leaf,WI7864_F2_032,Sire10,Dam10,Field333,Sunny,Josue,Yellow
75,C,2,Cucumber,Cucumis sativus,P75C02,leaf,WI7864_F2_054,Sire11,Dam11,Field334,Sunny,Josue,Green
75,D,2,Cucumber,Cucumis sativus,P75D02,leaf,WI7864_F2_075,Sire12,Dam12,Field335,Sunny,Josue,Blue
75,E,2,Cucumber,Cucumis sativus,P75E02,leaf,WI7864_F2_116,Sire13,Dam13,Field336,Sunny,Josue,Yellow
75,F,2,Cucumber,Cucumis sativus,P75F02,leaf,WI7864_F2_140,Sire14,Dam14,Field337,Sunny,Josue,Green
75,G,2,Cucumber,Cucumis sativus,P75G02,leaf,WI7864_F2_164,Sire15,Dam15,Field338,Sunny,Josue,Blue
75,H,2,Cucumber,Cucumis sativus,P75H02,leaf,WI7864_F2_187,Sire16,Dam16,Field339,Sunny,Josue,Yellow
75,A,3,Cucumber,Cucumis sativus,P75A03,leaf,WI7864_F2_005,Sire17,Dam17,Field340,Sunny,Josue,Green
75,B,3,Cucumber,Cucumis sativus,P75B03,leaf,WI7864_F2_036,Sire18,Dam18,Field341,Sunny,Josue,Blue
75,C,3,Cucumber,Cucumis sativus,P75C03,leaf,WI7864_F2_056,Sire19,Dam19,Field342,Sunny,Josue,Yellow
75,D,3,Cucumber,Cucumis sativus,P75D03,leaf,WI7864_F2_078,Sire20,Dam20,Field343,Sunny,Josue,Green
75,E,3,Cucumber,Cucumis sativus,P75E03,leaf,WI7864_F2_118,Sire21,Dam21,Field344,Sunny,Josue,Blue
75,F,3,Cucumber,Cucumis sativus,P75F03,leaf,WI7864_F2_141,Sire22,Dam22,Field345,Sunny,Josue,Yellow
75,G,3,Cucumber,Cucumis sativus,P75G03,leaf,WI7864_F2_165,Sire23,Dam23,Field346,Sunny,Josue,Green
75,H,3,Cucumber,Cucumis sativus,P75H03,leaf,WI7864_F2_188,Sire24,Dam24,Field347,Sunny,Josue,Blue
75,A,4,Cucumber,Cucumis sativus,P75A04,leaf,WI7864_F2_011,Sire25,Dam25,Field348,Sunny,Josue,Yellow
75,B,4,Cucumber,Cucumis sativus,P75B04,leaf,WI7864_F2_037,Sire26,Dam26,Field349,Sunny,Josue,Green
75,C,4,Cucumber,Cucumis sativus,P75C04,leaf,WI7864_F2_058,Sire27,Dam27,Field350,Sunny,Josue,Blue
75,D,4,Cucumber,Cucumis sativus,P75D04,leaf,WI7864_F2_079,Sire28,Dam28,Field351,Sunny,Josue,Yellow
75,E,4,Cucumber,Cucumis sativus,P75E04,leaf,WI7864_F2_120,Sire29,Dam29,Field352,Sunny,Josue,Green
75,F,4,Cucumber,Cucumis sativus,P75F04,leaf,WI7864_F2_143,Sire30,Dam30,Field353,Sunny,Josue,Blue
75,G,4,Cucumber,Cucumis sativus,P75G04,leaf,WI7864_F2_170,Sire31,Dam31,Field354,Sunny,Josue,Yellow
75,H,4,Cucumber,Cucumis sativus,P75H04,leaf,WI7864_F2_191,Sire32,Dam32,Field355,Sunny,Josue,Green
75,A,5,Cucumber,Cucumis sativus,P75A05,leaf,WI7864_F2_012,Sire33,Dam33,Field356,Sunny,Josue,Blue
75,B,5,Cucumber,Cucumis sativus,P75B05,leaf,WI7864_F2_019,Sire34,Dam34,Field357,Sunny,Josue,Yellow
75,C,5,Cucumber,Cucumis sativus,P75C05,leaf,WI7864_F2_060,Sire35,Dam35,Field358,Sunny,Josue,Green
75,D,5,Cucumber,Cucumis sativus,P75D05,leaf,WI7864_F2_080,Sire36,Dam36,Field359,Sunny,Josue,Blue
75,E,5,Cucumber,Cucumis sativus,P75E05,leaf,WI7864_F2_121,Sire37,Dam37,Field360,Sunny,Josue,Yellow
75,F,5,Cucumber,Cucumis sativus,P75F05,leaf,WI7864_F2_144,Sire38,Dam38,Field361,Sunny,Josue,Green
75,G,5,Cucumber,Cucumis sativus,P75G05,leaf,WI7864_F2_171,Sire39,Dam39,Field362,Sunny,Josue,Blue
75,H,5,Cucumber,Cucumis sativus,P75H05,leaf,WI7864_F2_192,Sire40,Dam40,Field363,Sunny,Josue,Yellow
75,A,6,Cucumber,Cucumis sativus,P75A06,leaf,WI7864_F2_013,Sire41,Dam41,Field364,Sunny,Josue,Green
75,B,6,Cucumber,Cucumis sativus,P75B06,leaf,WI7864_F2_040,Sire42,Dam42,Field365,Sunny,Josue,Blue
75,C,6,Cucumber,Cucumis sativus,P75C06,leaf,WI7864_F2_061,Sire43,Dam43,Field366,Sunny,Josue,Yellow
75,D,6,Cucumber,Cucumis sativus,P75D06,leaf,WI7864_F2_084,Sire44,Dam44,Field367,Sunny,Josue,Green
75,E,6,Cucumber,Cucumis sativus,P75E06,leaf,WI7864_F2_125,Sire45,Dam45,Field368,Sunny,Josue,Blue
75,F,6,Cucumber,Cucumis sativus,P75F06,leaf,WI7864_F2_147,Sire46,Dam46,Field369,Sunny,Josue,Yellow
75,G,6,Cucumber,Cucumis sativus,P75G06,leaf,WI7864_F2_175,Sire47,Dam47,Farm1,Sunny,Josue,Green
75,H,6,Cucumber,Cucumis sativus,P75H06,leaf,WI7864_F2_193,Sire48,Dam48,Farm2,Sunny,Josue,Blue
75,A,7,Cucumber,Cucumis sativus,P75A07,leaf,WI7864_F2_016,Sire49,Dam49,Farm3,Sunny,Josue,Yellow
75,B,7,Cucumber,Cucumis sativus,P75B07,leaf,WI7864_F2_041,Sire50,Dam50,Farm4,Sunny,Josue,Green
75,C,7,Cucumber,Cucumis sativus,P75C07,leaf,WI7864_F2_062,Sire51,Dam51,Farm5,Sunny,Josue,Blue
75,D,7,Cucumber,Cucumis sativus,P75D07,leaf,WI7864_F2_085,Sire52,Dam52,Farm6,Sunny,Josue,Yellow
75,E,7,Cucumber,Cucumis sativus,P75E07,leaf,WI7864_F2_126,Sire53,Dam53,Farm7,Sunny,Josue,Green
75,F,7,Cucumber,Cucumis sativus,P75F07,leaf,WI7864_F2_150,Sire54,Dam54,Farm8,Sunny,Josue,Blue
75,G,7,Cucumber,Cucumis sativus,P75G07,leaf,WI7864_F2_177,Sire55,Dam55,Farm9,Sunny,Josue,Yellow
75,H,7,Cucumber,Cucumis sativus,P75H07,leaf,WI7864_F2_194,Sire56,Dam56,Farm10,Sunny,Josue,Green
75,A,8,Cucumber,Cucumis sativus,P75A08,leaf,WI7864_F2_021,Sire57,Dam57,Farm11,Sunny,Josue,Blue
75,B,8,Cucumber,Cucumis sativus,P75B08,leaf,WI7864_F2_042,Sire58,Dam58,Farm12,Sunny,Josue,Yellow
75,C,8,Cucumber,Cucumis sativus,P75C08,leaf,WI7864_F2_063,Sire59,Dam59,Farm13,Sunny,Josue,Green
75,D,8,Cucumber,Cucumis sativus,P75D08,leaf,WI7864_F2_086,Sire60,Dam60,Farm14,Sunny,Josue,Blue
75,E,8,Cucumber,Cucumis sativus,P75E08,leaf,WI7864_F2_127,Sire61,Dam61,Farm15,Sunny,Josue,Yellow
75,F,8,Cucumber,Cucumis sativus,P75F08,leaf,WI7864_F2_152,Sire62,Dam62,Farm16,Sunny,Josue,Green
75,G,8,Cucumber,Cucumis sativus,P75G08,leaf,WI7864_F2_180,Sire63,Dam63,Farm17,Sunny,Josue,Blue
75,H,8,Cucumber,Cucumis sativus,P75H08,leaf,WI7864_F2_195,Sire64,Dam64,Farm18,Sunny,Josue,Yellow
75,A,9,Cucumber,Cucumis sativus,P75A09,leaf,WI7864_F2_023,Sire65,Dam65,Farm19,Sunny,Josue,Green
75,B,9,Cucumber,Cucumis sativus,P75B09,leaf,WI7864_F2_044,Sire66,Dam66,Farm20,Sunny,Josue,Blue
75,C,9,Cucumber,Cucumis sativus,P75C09,leaf,WI7864_F2_066,Sire67,Dam67,Farm21,Sunny,Josue,Yellow
75,D,9,Cucumber,Cucumis sativus,P75D09,leaf,WI7864_F2_095,Sire68,Dam68,Farm22,Sunny,Josue,Green
75,E,9,Cucumber,Cucumis sativus,P75E09,leaf,WI7864_F2_129,Sire69,Dam69,Farm23,Sunny,Josue,Blue
75,F,9,Cucumber,Cucumis sativus,P75F09,leaf,WI7864_F2_154,Sire70,Dam70,Farm24,Sunny,Josue,Yellow
75,G,9,Cucumber,Cucumis sativus,P75G09,leaf,WI7864_F2_183,Sire71,Dam71,Farm25,Sunny,Josue,Green
75,H,9,Cucumber,Cucumis sativus,P75H09,leaf,703,Sire72,Dam72,Farm26,Sunny,Josue,Blue
75,A,10,Cucumber,Cucumis sativus,P75A10,leaf,WI7864_F2_025,Sire73,Dam73,Farm27,Sunny,Josue,Yellow
75,B,10,Cucumber,Cucumis sativus,P75B010,leaf,WI7864_F2_045,Sire74,Dam74,Farm28,Sunny,Josue,Green
75,C,10,Cucumber,Cucumis sativus,P75C010,leaf,WI7864_F2_068,Sire75,Dam75,Farm29,Sunny,Josue,Blue
75,D,10,Cucumber,Cucumis sativus,P75D010,leaf,WI7864_F2_105,Sire76,Dam76,Farm30,Sunny,Josue,Yellow
75,E,10,Cucumber,Cucumis sativus,P75E010,leaf,WI7864_F2_130,Sire77,Dam77,Farm31,Sunny,Josue,Green
75,F,10,Cucumber,Cucumis sativus,P75F010,leaf,WI7864_F2_155,Sire78,Dam78,Farm32,Sunny,Josue,Blue
75,G,10,Cucumber,Cucumis sativus,P75G010,leaf,WI7864_F2_184,Sire79,Dam79,Farm33,Sunny,Josue,Yellow
75,H,10,Cucumber,Cucumis sativus,P75H010,leaf,9930,Sire80,Dam80,Farm34,Sunny,Josue,Green
75,A,11,Cucumber,Cucumis sativus,P75A11,leaf,WI7864_F2_028,Sire81,Dam81,Farm35,Sunny,Josue,Blue
75,B,11,Cucumber,Cucumis sativus,P75B011,leaf,WI7864_F2_046,Sire82,Dam82,Farm36,Sunny,Josue,Yellow
75,C,11,Cucumber,Cucumis sativus,P75C011,leaf,WI7864_F2_071,Sire83,Dam83,Farm37,Sunny,Josue,Green
75,D,11,Cucumber,Cucumis sativus,P75D011,leaf,WI7864_F2_112,Sire84,Dam84,Farm38,Sunny,Josue,Blue
75,E,11,Cucumber,Cucumis sativus,P75E011,leaf,WI7864_F2_134,Sire85,Dam85,Farm39,Sunny,Josue,Yellow
75,F,11,Cucumber,Cucumis sativus,P75F011,leaf,WI7864_F2_156,Sire86,Dam86,Farm40,Sunny,Josue,Green
75,G,11,Cucumber,Cucumis sativus,P75G011,leaf,WI7864_F2_185,Sire87,Dam87,Farm41,Sunny,Josue,Blue
75,H,11,Cucumber,Cucumis sativus,P75H011,leaf,703x9930 F1,Sire88,Dam88,Farm42,Sunny,Josue,Yellow
75,A,12,Cucumber,Cucumis sativus,P75A12,leaf,WI7864_F2_030,Sire89,Dam89,Farm43,Sunny,Josue,Green
75,B,12,Cucumber,Cucumis sativus,P75B012,leaf,WI7864_F2_048,Sire90,Dam90,Farm44,Sunny,Josue,Blue
75,C,12,Cucumber,Cucumis sativus,P75C012,leaf,WI7864_F2_073,Sire91,Dam91,Farm45,Sunny,Josue,Yellow
75,D,12,Cucumber,Cucumis sativus,P75D012,leaf,WI7864_F2_113,Sire92,Dam92,Farm46,Sunny,Josue,Green
75,E,12,Cucumber,Cucumis sativus,P75E012,leaf,WI7864_F2_135,Sire93,Dam93,Farm47,Sunny,Josue,Blue
75,F,12,Cucumber,Cucumis sativus,P75F012,leaf,WI7864_F2_157,Sire94,Dam94,Farm48,Sunny,Josue,Yellow
76,A,1,Cucumber,Cucumis sativus,P76A01,leaf,9930,Sire95,Dam95,Farm49,Sunny,Josue,Green
76,B,1,Cucumber,Cucumis sativus,P76B01,leaf,WI7769_F2:3_025,Sire96,Dam96,Farm50,Sunny,Josue,Blue
76,C,1,Cucumber,Cucumis sativus,P76C01,leaf,WI7769_F2:3_045,Sire97,Dam97,Farm51,Sunny,Josue,Yellow
76,D,1,Cucumber,Cucumis sativus,P76D01,leaf,WI7769_F2:3_076,Sire98,Dam98,Farm52,Sunny,Josue,Green
76,E,1,Cucumber,Cucumis sativus,P76E01,leaf,WI7769_F2:3_103,Sire99,Dam99,Farm53,Sunny,Josue,Blue
76,F,1,Cucumber,Cucumis sativus,P76F01,leaf,WI7769_F2:3_126,Sire100,Dam100,Farm54,Sunny,Josue,Yellow
76,G,1,Cucumber,Cucumis sativus,P76G01,leaf,WI7769_F2:3_211,Sire101,Dam101,Farm55,Sunny,Josue,Green
76,H,1,Cucumber,Cucumis sativus,P76H01,leaf,WI7769_F2:3_228,Sire102,Dam102,Farm56,Sunny,Josue,Blue
76,A,2,Cucumber,Cucumis sativus,P76A02,leaf,WI7769 F1,Sire103,Dam103,Farm57,Sunny,Josue,Yellow
76,B,2,Cucumber,Cucumis sativus,P76B02,leaf,WI7769_F2:3_026,Sire104,Dam104,Farm58,Sunny,Josue,Green
76,C,2,Cucumber,Cucumis sativus,P76C02,leaf,WI7769_F2:3_049,Sire105,Dam105,Farm59,Sunny,Josue,Blue
76,D,2,Cucumber,Cucumis sativus,P76D02,leaf,WI7769_F2:3_078,Sire106,Dam106,Farm60,Sunny,Josue,Yellow
76,E,2,Cucumber,Cucumis sativus,P76E02,leaf,WI7769_F2:3_104,Sire107,Dam107,Farm61,Sunny,Josue,Green
76,F,2,Cucumber,Cucumis sativus,P76F02,leaf,WI7769_F2:3_127,Sire108,Dam108,Farm62,Sunny,Josue,Blue
76,G,2,Cucumber,Cucumis sativus,P76G02,leaf,WI7769_F2:3_212,Sire109,Dam109,Farm63,Sunny,Josue,Yellow
76,H,2,Cucumber,Cucumis sativus,P76H02,leaf,WI7769_F2:3_230,Sire110,Dam110,Farm64,Sunny,Josue,Green
76,A,3,Cucumber,Cucumis sativus,P76A03,leaf,PT108-1,Sire111,Dam111,Farm65,Sunny,Josue,Blue
76,B,3,Cucumber,Cucumis sativus,P76B03,leaf,WI7769_F2:3_028,Sire112,Dam112,Farm66,Sunny,Josue,Yellow
76,C,3,Cucumber,Cucumis sativus,P76C03,leaf,WI7769_F2:3_051,Sire113,Dam113,Farm67,Sunny,Josue,Green
76,D,3,Cucumber,Cucumis sativus,P76D03,leaf,WI7769_F2:3_079,Sire114,Dam114,Farm68,Sunny,Josue,Blue
76,E,3,Cucumber,Cucumis sativus,P76E03,leaf,WI7769_F2:3_105,Sire115,Dam115,Farm69,Sunny,Josue,Yellow
76,F,3,Cucumber,Cucumis sativus,P76F03,leaf,WI7769_F2:3_128,Sire116,Dam116,Farm70,Sunny,Josue,Green
76,G,3,Cucumber,Cucumis sativus,P76G03,leaf,WI7769_F2:3_215,Sire117,Dam117,Farm71,Sunny,Josue,Blue
76,H,3,Cucumber,Cucumis sativus,P76H03,leaf,WI7769_F2:3_232,Sire118,Dam118,Farm72,Sunny,Josue,Yellow
76,A,4,Cucumber,Cucumis sativus,P76A04,leaf,WI7769_F2:3_001,Sire119,Dam119,Farm73,Sunny,Josue,Green
76,B,4,Cucumber,Cucumis sativus,P76B04,leaf,WI7769_F2:3_030,Sire120,Dam120,Farm74,Sunny,Josue,Blue
76,C,4,Cucumber,Cucumis sativus,P76C04,leaf,WI7769_F2:3_054,Sire121,Dam121,Farm75,Sunny,Josue,Yellow
76,D,4,Cucumber,Cucumis sativus,P76D04,leaf,WI7769_F2:3_087,Sire122,Dam122,Farm76,Sunny,Josue,Green
76,E,4,Cucumber,Cucumis sativus,P76E04,leaf,WI7769_F2:3_107,Sire123,Dam123,Farm77,Sunny,Josue,Blue
76,F,4,Cucumber,Cucumis sativus,P76F04,leaf,WI7769_F2:3_129,Sire124,Dam124,Farm78,Sunny,Josue,Yellow
76,G,4,Cucumber,Cucumis sativus,P76G04,leaf,WI7769_F2:3_217,Sire125,Dam125,Farm79,Sunny,Josue,Green
76,H,4,Cucumber,Cucumis sativus,P76H04,leaf,WI7769_F2:3_233,Sire126,Dam126,Farm80,Sunny,Josue,Blue
76,A,5,Cucumber,Cucumis sativus,P76A05,leaf,WI7769_F2:3_002,Sire127,Dam127,Farm81,Sunny,Josue,Yellow
76,B,5,Cucumber,Cucumis sativus,P76B05,leaf,WI7769_F2:3_034,Sire128,Dam128,Farm82,Sunny,Josue,Green
76,C,5,Cucumber,Cucumis sativus,P76C05,leaf,WI7769_F2:3_055,Sire129,Dam129,Farm83,Sunny,Josue,Blue
76,D,5,Cucumber,Cucumis sativus,P76D05,leaf,WI7769_F2:3_090,Sire130,Dam130,Farm84,Sunny,Josue,Yellow
76,E,5,Cucumber,Cucumis sativus,P76E05,leaf,WI7769_F2:3_109,Sire131,Dam131,Farm85,Sunny,Josue,Green
76,F,5,Cucumber,Cucumis sativus,P76F05,leaf,WI7769_F2:3_131,Sire132,Dam132,Farm86,Sunny,Josue,Blue
76,G,5,Cucumber,Cucumis sativus,P76G05,leaf,WI7769_F2:3_218,Sire133,Dam133,Farm87,Sunny,Josue,Yellow
76,H,5,Cucumber,Cucumis sativus,P76H05,leaf,WI7769_F2:3_234,Sire134,Dam134,Farm88,Sunny,Josue,Green
76,A,6,Cucumber,Cucumis sativus,P76A06,leaf,WI7769_F2:3_004,Sire135,Dam135,Farm89,Sunny,Josue,Blue
76,B,6,Cucumber,Cucumis sativus,P76B06,leaf,WI7769_F2:3_035,Sire136,Dam136,Farm90,Sunny,Josue,Yellow
76,C,6,Cucumber,Cucumis sativus,P76C06,leaf,WI7769_F2:3_056,Sire137,Dam137,Farm91,Sunny,Josue,Green
76,D,6,Cucumber,Cucumis sativus,P76D06,leaf,WI7769_F2:3_094,Sire138,Dam138,Farm92,Sunny,Josue,Blue
76,E,6,Cucumber,Cucumis sativus,P76E06,leaf,WI7769_F2:3_111,Sire139,Dam139,Farm93,Sunny,Josue,Yellow
76,F,6,Cucumber,Cucumis sativus,P76F06,leaf,WI7769_F2:3_132,Sire140,Dam140,Farm94,Sunny,Josue,Green
76,G,6,Cucumber,Cucumis sativus,P76G06,leaf,WI7769_F2:3_220,Sire141,Dam141,Farm95,Sunny,Josue,Blue
76,H,6,Cucumber,Cucumis sativus,P76H06,leaf,WI7769_F2:3_235,Sire142,Dam142,Farm96,Sunny,Josue,Yellow
76,A,7,Cucumber,Cucumis sativus,P76A07,leaf,WI7769_F2:3_005,Sire143,Dam143,Farm97,Sunny,Josue,Green
76,B,7,Cucumber,Cucumis sativus,P76B07,leaf,WI7769_F2:3_036,Sire144,Dam144,Farm98,Sunny,Josue,Blue
76,C,7,Cucumber,Cucumis sativus,P76C07,leaf,WI7769_F2:3_060,Sire145,Dam145,Farm99,Sunny,Josue,Yellow
76,D,7,Cucumber,Cucumis sativus,P76D07,leaf,WI7769_F2:3_095,Sire146,Dam146,Farm100,Sunny,Josue,Green
76,E,7,Cucumber,Cucumis sativus,P76E07,leaf,WI7769_F2:3_113,Sire147,Dam147,Farm101,Sunny,Josue,Blue
76,F,7,Cucumber,Cucumis sativus,P76F07,leaf,WI7769_F2:3_135,Sire148,Dam148,Farm102,Sunny,Josue,Yellow
76,G,7,Cucumber,Cucumis sativus,P76G07,leaf,WI7769_F2:3_221,Sire149,Dam149,Farm103,Sunny,Josue,Green
76,H,7,Cucumber,Cucumis sativus,P76H07,leaf,WI7769_F2:3_237,Sire150,Dam150,Farm104,Sunny,Josue,Blue
76,A,8,Cucumber,Cucumis sativus,P76A08,leaf,WI7769_F2:3_012,Sire151,Dam151,Farm105,Sunny,Josue,Yellow
76,B,8,Cucumber,Cucumis sativus,P76B08,leaf,WI7769_F2:3_037,Sire152,Dam152,Farm106,Sunny,Josue,Green
76,C,8,Cucumber,Cucumis sativus,P76C08,leaf,WI7769_F2:3_061,Sire153,Dam153,Farm107,Sunny,Josue,Blue
76,D,8,Cucumber,Cucumis sativus,P76D08,leaf,WI7769_F2:3_096,Sire154,Dam154,Farm108,Sunny,Josue,Yellow
76,E,8,Cucumber,Cucumis sativus,P76E08,leaf,WI7769_F2:3_114,Sire155,Dam155,Farm109,Sunny,Josue,Green
76,F,8,Cucumber,Cucumis sativus,P76F08,leaf,WI7769_F2:3_136,Sire156,Dam156,Farm110,Sunny,Josue,Blue
76,G,8,Cucumber,Cucumis sativus,P76G08,leaf,WI7769_F2:3_222,Sire157,Dam157,Farm111,Sunny,Josue,Yellow
76,H,8,Cucumber,Cucumis sativus,P76H08,leaf,WI7769_F2:3_239,Sire158,Dam158,Farm112,Sunny,Josue,Green
76,A,9,Cucumber,Cucumis sativus,P76A09,leaf,WI7769_F2:3_015,Sire159,Dam159,Farm113,Sunny,Josue,Blue
76,B,9,Cucumber,Cucumis sativus,P76B09,leaf,WI7769_F2:3_039,Sire160,Dam160,Farm114,Sunny,Josue,Yellow
76,C,9,Cucumber,Cucumis sativus,P76C09,leaf,WI7769_F2:3_064,Sire161,Dam161,Farm115,Sunny,Josue,Green
76,D,9,Cucumber,Cucumis sativus,P76D09,leaf,WI7769_F2:3_097,Sire162,Dam162,Farm116,Sunny,Josue,Blue
76,E,9,Cucumber,Cucumis sativus,P76E09,leaf,WI7769_F2:3_116,Sire163,Dam163,Farm117,Sunny,Josue,Yellow
76,F,9,Cucumber,Cucumis sativus,P76F09,leaf,WI7769_F2:3_140,Sire164,Dam164,Farm118,Sunny,Josue,Green
76,G,9,Cucumber,Cucumis sativus,P76G09,leaf,WI7769_F2:3_224,Sire165,Dam165,Farm119,Sunny,Josue,Blue
76,H,9,Cucumber,Cucumis sativus,P76H09,leaf,WI7769_F2:3_244,Sire166,Dam166,Farm120,Sunny,Josue,Yellow
76,A,10,Cucumber,Cucumis sativus,P76A10,leaf,WI7769_F2:3_016,Sire167,Dam167,Farm121,Sunny,Josue,Green
76,B,10,Cucumber,Cucumis sativus,P76B10,leaf,WI7769_F2:3_041,Sire168,Dam168,Farm122,Sunny,Josue,Blue
76,C,10,Cucumber,Cucumis sativus,P76C10,leaf,WI7769_F2:3_067,Sire169,Dam169,Farm123,Sunny,Josue,Yellow
76,D,10,Cucumber,Cucumis sativus,P76D10,leaf,WI7769_F2:3_100,Sire170,Dam170,Farm124,Sunny,Josue,Green
76,E,10,Cucumber,Cucumis sativus,P76E10,leaf,WI7769_F2:3_120,Sire171,Dam171,Farm125,Sunny,Josue,Blue
76,F,10,Cucumber,Cucumis sativus,P76F10,leaf,WI7769_F2:3_204,Sire172,Dam172,Farm126,Sunny,Josue,Yellow
76,G,10,Cucumber,Cucumis sativus,P76G10,leaf,WI7769_F2:3_226,Sire173,Dam173,Farm127,Sunny,Josue,Green
76,H,10,Cucumber,Cucumis sativus,P76H10,leaf,PT108-2,Sire174,Dam174,Farm128,Sunny,Josue,Blue
76,A,11,Cucumber,Cucumis sativus,P76A11,leaf,WI7769_F2:3_018,Sire175,Dam175,Farm129,Sunny,Josue,Yellow
76,B,11,Cucumber,Cucumis sativus,P76B11,leaf,WI7769_F2:3_042,Sire176,Dam176,Farm130,Sunny,Josue,Green
76,C,11,Cucumber,Cucumis sativus,P76C11,leaf,WI7769_F2:3_071,Sire177,Dam177,Farm131,Sunny,Josue,Blue
76,D,11,Cucumber,Cucumis sativus,P76D11,leaf,WI7769_F2:3_101,Sire178,Dam178,Farm132,Sunny,Josue,Yellow
76,E,11,Cucumber,Cucumis sativus,P76E11,leaf,WI7769_F2:3_121,Sire179,Dam179,Farm133,Sunny,Josue,Green
76,F,11,Cucumber,Cucumis sativus,P76F11,leaf,WI7769_F2:3_206,Sire180,Dam180,Farm134,Sunny,Josue,Blue
76,G,11,Cucumber,Cucumis sativus,P76G11,leaf,WI7769_F2:3_227,Sire181,Dam181,Farm135,Sunny,Josue,Yellow
76,H,11,Cucumber,Cucumis sativus,P76H11,leaf,WI7769HX F1,Sire182,Dam182,Farm136,Sunny,Josue,Green
76,A,12,Cucumber,Cucumis sativus,P76A12,leaf,WI7769_F2:3_023,Sire183,Dam183,Farm137,Sunny,Josue,Blue
76,B,12,Cucumber,Cucumis sativus,P76B12,leaf,WI7769_F2:3_044,Sire184,Dam184,Farm138,Sunny,Josue,Yellow
76,C,12,Cucumber,Cucumis sativus,P76C12,leaf,WI7769_F2:3_072,Sire185,Dam185,Farm139,Sunny,Josue,Green
76,D,12,Cucumber,Cucumis sativus,P76D12,leaf,WI7769_F2:3_102,Sire186,Dam186,Farm140,Sunny,Josue,Blue
76,E,12,Cucumber,Cucumis sativus,P76E12,leaf,WI7769_F2:3_122,Sire187,Dam187,Farm141,Sunny,Josue,Yellow
76,F,12,Cucumber,Cucumis sativus,P76F12,leaf,WI7769_F2:3_209,Sire188,Dam188,Farm142,Sunny,Josue,Green
77,A,1,Cucumber,Cucumis sativus,P77A01,leaf,WI7769HX_F2_007,Sire189,Dam189,Farm143,Sunny,Josue,Blue
77,B,1,Cucumber,Cucumis sativus,P77B01,leaf,WI7769HX_F2_019,Sire190,Dam190,Farm144,Sunny,Josue,Yellow
77,C,1,Cucumber,Cucumis sativus,P77C01,leaf,WI7769HX_F2_031,Sire191,Dam191,Farm145,Sunny,Josue,Green
77,D,1,Cucumber,Cucumis sativus,P77D01,leaf,WI7769HX_F2_043,Sire192,Dam192,Farm146,Sunny,Josue,Blue
77,E,1,Cucumber,Cucumis sativus,P77E01,leaf,WI7769HX_F2_055,Sire193,Dam193,Farm147,Sunny,Josue,Yellow
77,F,1,Cucumber,Cucumis sativus,P77F01,leaf,WI7769HX_F2_067,Sire194,Dam194,Farm148,Sunny,Josue,Green
77,G,1,Cucumber,Cucumis sativus,P77G01,leaf,WI7864_PMF2_029,Sire195,Dam195,Farm149,Sunny,Josue,Blue
77,H,1,Cucumber,Cucumis sativus,P77H01,leaf,WI7864_PMF2_040,Sire196,Dam196,Farm150,Sunny,Josue,Yellow
77,A,2,Cucumber,Cucumis sativus,P77A02,leaf,WI7769HX_F2_008,Sire197,Dam197,Farm151,Sunny,Josue,Green
77,B,2,Cucumber,Cucumis sativus,P77B02,leaf,WI7769HX_F2_020,Sire198,Dam198,Farm152,Sunny,Josue,Blue
77,C,2,Cucumber,Cucumis sativus,P77C02,leaf,WI7769HX_F2_032,Sire199,Dam199,Farm153,Sunny,Josue,Yellow
77,D,2,Cucumber,Cucumis sativus,P77D02,leaf,WI7769HX_F2_044,Sire200,Dam200,Farm154,Sunny,Josue,Green
77,E,2,Cucumber,Cucumis sativus,P77E02,leaf,WI7769HX_F2_056,Sire201,Dam201,Farm155,Sunny,Josue,Blue
77,F,2,Cucumber,Cucumis sativus,P77F02,leaf,WI7769HX_F2_068,Sire202,Dam202,Farm156,Sunny,Josue,Yellow
77,G,2,Cucumber,Cucumis sativus,P77G02,leaf,WI7864_PMF2_030,Sire203,Dam203,Farm157,Sunny,Josue,Green
77,H,2,Cucumber,Cucumis sativus,P77H02,leaf,WI7864_PMF2_041,Sire204,Dam204,Farm158,Sunny,Josue,Blue
77,A,3,Cucumber,Cucumis sativus,P77A03,leaf,WI7769HX_F2_009,Sire205,Dam205,Farm159,Sunny,Josue,Yellow
77,B,3,Cucumber,Cucumis sativus,P77B03,leaf,WI7769HX_F2_021,Sire206,Dam206,Farm160,Sunny,Josue,Green
77,C,3,Cucumber,Cucumis sativus,P77C03,leaf,WI7769HX_F2_033,Sire207,Dam207,Farm161,Sunny,Josue,Blue
77,D,3,Cucumber,Cucumis sativus,P77D03,leaf,WI7769HX_F2_045,Sire208,Dam208,Farm162,Sunny,Josue,Yellow
77,E,3,Cucumber,Cucumis sativus,P77E03,leaf,WI7769HX_F2_057,Sire209,Dam209,Farm163,Sunny,Josue,Green
77,F,3,Cucumber,Cucumis sativus,P77F03,leaf,WI7769HX_F2_069,Sire210,Dam210,Farm164,Sunny,Josue,Blue
77,G,3,Cucumber,Cucumis sativus,P77G03,leaf,WI7864_PMF2_031,Sire211,Dam211,Farm165,Sunny,Josue,Yellow
77,H,3,Cucumber,Cucumis sativus,P77H03,leaf,WI7864_PMF2_042,Sire212,Dam212,Farm166,Sunny,Josue,Green
77,A,4,Cucumber,Cucumis sativus,P77A04,leaf,WI7769HX_F2_010,Sire213,Dam213,Farm167,Sunny,Josue,Blue
77,B,4,Cucumber,Cucumis sativus,P77B04,leaf,WI7769HX_F2_022,Sire214,Dam214,Farm168,Sunny,Josue,Yellow
77,C,4,Cucumber,Cucumis sativus,P77C04,leaf,WI7769HX_F2_072,Sire215,Dam215,Farm169,Sunny,Josue,Green
77,D,4,Cucumber,Cucumis sativus,P77D04,leaf,WI7769HX_F2_046,Sire216,Dam216,Farm170,Sunny,Josue,Blue
77,E,4,Cucumber,Cucumis sativus,P77E04,leaf,WI7769HX_F2_058,Sire217,Dam217,Farm171,Sunny,Josue,Yellow
77,F,4,Cucumber,Cucumis sativus,P77F04,leaf,WI7769HX_F2_070,Sire218,Dam218,Farm172,Sunny,Josue,Green
77,G,4,Cucumber,Cucumis sativus,P77G04,leaf,WI7864_PMF2_032,Sire219,Dam219,Farm173,Sunny,Josue,Blue
77,H,4,Cucumber,Cucumis sativus,P77H04,leaf,WI7864_PMF2_043,Sire220,Dam220,Farm174,Sunny,Josue,Yellow
77,A,5,Cucumber,Cucumis sativus,P77A05,leaf,WI7769HX_F2_011,Sire221,Dam221,Farm175,Sunny,Josue,Green
77,B,5,Cucumber,Cucumis sativus,P77B05,leaf,WI7769HX_F2_023,Sire222,Dam222,Farm176,Sunny,Josue,Blue
77,C,5,Cucumber,Cucumis sativus,P77C05,leaf,WI7769HX_F2_035,Sire223,Dam223,Farm177,Sunny,Josue,Yellow
77,D,5,Cucumber,Cucumis sativus,P77D05,leaf,WI7769HX_F2_047,Sire224,Dam224,Farm178,Sunny,Josue,Green
77,E,5,Cucumber,Cucumis sativus,P77E05,leaf,WI7769HX_F2_059,Sire225,Dam225,Farm179,Sunny,Josue,Blue
77,F,5,Cucumber,Cucumis sativus,P77F05,leaf,WI7769HX_F2_071,Sire226,Dam226,Farm180,Sunny,Josue,Yellow
77,G,5,Cucumber,Cucumis sativus,P77G05,leaf,WI7864_PMF2_033,Sire227,Dam227,Farm181,Sunny,Josue,Green
77,H,5,Cucumber,Cucumis sativus,P77H05,leaf,WI7864_PMF2_044,Sire228,Dam228,Farm182,Sunny,Josue,Blue
77,A,6,Cucumber,Cucumis sativus,P77A06,leaf,WI7769HX_F2_012,Sire229,Dam229,Farm183,Sunny,Josue,Yellow
77,B,6,Cucumber,Cucumis sativus,P77B06,leaf,WI7769HX_F2_024,Sire230,Dam230,Farm184,Sunny,Josue,Green
77,C,6,Cucumber,Cucumis sativus,P77C06,leaf,WI7769HX_F2_036,Sire231,Dam231,Farm185,Sunny,Josue,Blue
77,D,6,Cucumber,Cucumis sativus,P77D06,leaf,WI7769HX_F2_048,Sire232,Dam232,Farm186,Sunny,Josue,Yellow
77,E,6,Cucumber,Cucumis sativus,P77E06,leaf,WI7769HX_F2_060,Sire233,Dam233,Farm187,Sunny,Josue,Green
77,F,6,Cucumber,Cucumis sativus,P77F06,leaf,WI7864_PMF2_022,Sire234,Dam234,Farm188,Sunny,Josue,Blue
77,G,6,Cucumber,Cucumis sativus,P77G06,leaf,WI7864_PMF2_034,Sire235,Dam235,Farm189,Sunny,Josue,Yellow
77,H,6,Cucumber,Cucumis sativus,P77H06,leaf,WI7864_PMF2_045,Sire236,Dam236,Farm190,Sunny,Josue,Green
77,A,7,Cucumber,Cucumis sativus,P77A07,leaf,WI7769HX_F2_013,Sire237,Dam237,Farm191,Sunny,Josue,Blue
77,B,7,Cucumber,Cucumis sativus,P77B07,leaf,WI7769HX_F2_025,Sire238,Dam238,Farm192,Sunny,Josue,Yellow
77,C,7,Cucumber,Cucumis sativus,P77C07,leaf,WI7769HX_F2_037,Sire239,Dam239,Farm193,Sunny,Josue,Green
77,D,7,Cucumber,Cucumis sativus,P77D07,leaf,WI7769HX_F2_049,Sire240,Dam240,Farm194,Sunny,Josue,Blue
77,E,7,Cucumber,Cucumis sativus,P77E07,leaf,WI7769HX_F2_061,Sire241,Dam241,Farm195,Sunny,Josue,Yellow
77,F,7,Cucumber,Cucumis sativus,P77F07,leaf,WI7864_PMF2_023,Sire242,Dam242,Farm196,Sunny,Josue,Green
77,G,7,Cucumber,Cucumis sativus,P77G07,leaf,WI7864_PMF2_035,Sire243,Dam243,Farm197,Sunny,Josue,Blue
77,H,7,Cucumber,Cucumis sativus,P77H07,leaf,WI7864_PMF2_046,Sire244,Dam244,Farm198,Sunny,Josue,Yellow
77,A,8,Cucumber,Cucumis sativus,P77A08,leaf,WI7769HX_F2_014,Sire245,Dam245,Farm199,Sunny,Josue,Green
77,B,8,Cucumber,Cucumis sativus,P77B08,leaf,WI7769HX_F2_026,Sire246,Dam246,Farm200,Sunny,Josue,Blue
77,C,8,Cucumber,Cucumis sativus,P77C08,leaf,WI7769HX_F2_073,Sire247,Dam247,Farm201,Sunny,Josue,Yellow
77,D,8,Cucumber,Cucumis sativus,P77D08,leaf,WI7769HX_F2_050,Sire248,Dam248,Farm202,Sunny,Josue,Green
77,E,8,Cucumber,Cucumis sativus,P77E08,leaf,WI7769HX_F2_062,Sire249,Dam249,Farm203,Sunny,Josue,Blue
77,F,8,Cucumber,Cucumis sativus,P77F08,leaf,WI7864_PMF2_024,Sire250,Dam250,Farm204,Sunny,Josue,Yellow
77,G,8,Cucumber,Cucumis sativus,P77G08,leaf,WI7864_PMF2_036,Sire251,Dam251,Farm205,Sunny,Josue,Green
77,H,8,Cucumber,Cucumis sativus,P77H08,leaf,WI7864_PMF2_047,Sire252,Dam252,Farm206,Sunny,Josue,Blue
77,A,9,Cucumber,Cucumis sativus,P77A09,leaf,WI7769HX_F2_015,Sire253,Dam253,Farm207,Sunny,Josue,Yellow
77,B,9,Cucumber,Cucumis sativus,P77B09,leaf,WI7769HX_F2_027,Sire254,Dam254,Farm208,Sunny,Josue,Green
77,C,9,Cucumber,Cucumis sativus,P77C09,leaf,WI7769HX_F2_039,Sire255,Dam255,Farm209,Sunny,Josue,Blue
77,D,9,Cucumber,Cucumis sativus,P77D09,leaf,WI7769HX_F2_051,Sire256,Dam256,Farm210,Sunny,Josue,Yellow
77,E,9,Cucumber,Cucumis sativus,P77E09,leaf,WI7769HX_F2_063,Sire257,Dam257,Farm211,Sunny,Josue,Green
77,F,9,Cucumber,Cucumis sativus,P77F09,leaf,WI7864_PMF2_025,Sire258,Dam258,Farm212,Sunny,Josue,Blue
77,G,9,Cucumber,Cucumis sativus,P77G09,leaf,WI7864_PMF2_037,Sire259,Dam259,Farm213,Sunny,Josue,Yellow
77,H,9,Cucumber,Cucumis sativus,P77H09,leaf,WI7864_PMF2_048,Sire260,Dam260,Farm214,Sunny,Josue,Green
77,A,10,Cucumber,Cucumis sativus,P77A10,leaf,WI7769HX_F2_016,Sire261,Dam261,Farm215,Sunny,Josue,Blue
77,B,10,Cucumber,Cucumis sativus,P77B10,leaf,WI7769HX_F2_028,Sire262,Dam262,Farm216,Sunny,Josue,Yellow
77,C,10,Cucumber,Cucumis sativus,P77C10,leaf,WI7769HX_F2_040,Sire263,Dam263,Farm217,Sunny,Josue,Green
77,D,10,Cucumber,Cucumis sativus,P77D10,leaf,WI7769HX_F2_052,Sire264,Dam264,Farm218,Sunny,Josue,Blue
77,E,10,Cucumber,Cucumis sativus,P77E10,leaf,WI7769HX_F2_064,Sire265,Dam265,Farm219,Sunny,Josue,Yellow
77,F,10,Cucumber,Cucumis sativus,P77F10,leaf,WI7864_PMF2_026,Sire266,Dam266,Farm220,Sunny,Josue,Green
77,G,10,Cucumber,Cucumis sativus,P77G10,leaf,WI7864_PMF2_038,Sire267,Dam267,Farm221,Sunny,Josue,Blue
77,H,10,Cucumber,Cucumis sativus,P77H10,leaf,WI7841_BC3F1,Sire268,Dam268,Farm222,Sunny,Josue,Yellow
77,A,11,Cucumber,Cucumis sativus,P77A11,leaf,WI7769HX_F2_017,Sire269,Dam269,Farm223,Sunny,Josue,Green
77,B,11,Cucumber,Cucumis sativus,P77B11,leaf,WI7769HX_F2_029,Sire270,Dam270,Farm224,Sunny,Josue,Blue
77,C,11,Cucumber,Cucumis sativus,P77C11,leaf,WI7769HX_F2_041,Sire271,Dam271,Farm225,Sunny,Josue,Yellow
77,D,11,Cucumber,Cucumis sativus,P77D11,leaf,WI7769HX_F2_074,Sire272,Dam272,Farm226,Sunny,Josue,Green
77,E,11,Cucumber,Cucumis sativus,P77E11,leaf,WI7769HX_F2_065,Sire273,Dam273,Farm227,Sunny,Josue,Blue
77,F,11,Cucumber,Cucumis sativus,P77F11,leaf,WI7864_PMF2_027,Sire274,Dam274,Farm228,Sunny,Josue,Yellow
77,G,11,Cucumber,Cucumis sativus,P77G11,leaf,WI7864_PMF2_039,Sire275,Dam275,Farm229,Sunny,Josue,Green
77,H,11,Cucumber,Cucumis sativus,P77H11,leaf,WI7841_BC3F1,Sire276,Dam276,Farm230,Sunny,Josue,Blue
77,A,12,Cucumber,Cucumis sativus,P77A12,leaf,WI7769HX_F2_018,Sire277,Dam277,Farm231,Sunny,Josue,Yellow
77,B,12,Cucumber,Cucumis sativus,P77B12,leaf,WI7769HX_F2_030,Sire278,Dam278,Farm232,Sunny,Josue,Green
77,C,12,Cucumber,Cucumis sativus,P77C12,leaf,WI7769HX_F2_042,Sire279,Dam279,Farm233,Sunny,Josue,Blue
77,D,12,Cucumber,Cucumis sativus,P77D12,leaf,WI7769HX_F2_054,Sire280,Dam280,Farm234,Sunny,Josue,Yellow
77,E,12,Cucumber,Cucumis sativus,P77E12,leaf,WI7769HX_F2_066,Sire281,Dam281,Farm235,Sunny,Josue,Green
77,F,12,Cucumber,Cucumis sativus,P77F12,leaf,WI7864_PMF2_028,Sire282,Dam282,Farm236,Sunny,Josue,Blue
78,A,1,Cucumber,Cucumis sativus,P78A01,leaf,9930,Sire283,Dam283,Farm237,Sunny,Josue,Yellow
78,B,1,Cucumber,Cucumis sativus,P78B01,leaf,WI7416_F2:3_015,Sire284,Dam284,Farm238,Sunny,Josue,Green
78,C,1,Cucumber,Cucumis sativus,P78C01,leaf,WI7416_F2:3_029,Sire285,Dam285,Farm239,Sunny,Josue,Blue
78,D,1,Cucumber,Cucumis sativus,P78D01,leaf,WI7416_F2:3_045,Sire286,Dam286,Farm240,Sunny,Josue,Yellow
78,E,1,Cucumber,Cucumis sativus,P78E01,leaf,WI7416_F2:3_074,Sire287,Dam287,Farm241,Sunny,Josue,Green
78,F,1,Cucumber,Cucumis sativus,P78F01,leaf,WI7416_F2:3_091,Sire288,Dam288,Farm242,Sunny,Josue,Blue
78,G,1,Cucumber,Cucumis sativus,P78G01,leaf,WI7416_F2:3_110,Sire289,Dam289,Farm243,Sunny,Josue,Yellow
78,H,1,Cucumber,Cucumis sativus,P78H01,leaf,WI7416_F2:3_122,Sire290,Dam290,Farm244,Sunny,Josue,Green
78,A,2,Cucumber,Cucumis sativus,P78A02,leaf,F1,Sire291,Dam291,Farm245,Sunny,Josue,Blue
78,B,2,Cucumber,Cucumis sativus,P78B02,leaf,WI7416_F2:3_016,Sire292,Dam292,Farm246,Sunny,Josue,Yellow
78,C,2,Cucumber,Cucumis sativus,P78C02,leaf,WI7416_F2:3_031,Sire293,Dam293,Farm247,Sunny,Josue,Green
78,D,2,Cucumber,Cucumis sativus,P78D02,leaf,WI7416_F2:3_047,Sire294,Dam294,Farm248,Sunny,Josue,Blue
78,E,2,Cucumber,Cucumis sativus,P78E02,leaf,WI7416_F2:3_075,Sire295,Dam295,Farm249,Sunny,Josue,Yellow
78,F,2,Cucumber,Cucumis sativus,P78F02,leaf,WI7416_F2:3_096,Sire296,Dam296,Farm250,Sunny,Josue,Green
78,G,2,Cucumber,Cucumis sativus,P78G02,leaf,WI7416_F2:3_111,Sire297,Dam297,Farm251,Sunny,Josue,Blue
78,H,2,Cucumber,Cucumis sativus,P78H02,leaf,WI7416_F2:3_125,Sire298,Dam298,Farm252,Sunny,Josue,Yellow
78,A,3,Cucumber,Cucumis sativus,P78A03,leaf,WI7012,Sire299,Dam299,Farm253,Sunny,Josue,Green
78,B,3,Cucumber,Cucumis sativus,P78B03,leaf,WI7416_F2:3_017,Sire300,Dam300,Farm254,Sunny,Josue,Blue
78,C,3,Cucumber,Cucumis sativus,P78C03,leaf,WI7416_F2:3_032,Sire301,Dam301,Farm255,Sunny,Josue,Yellow
78,D,3,Cucumber,Cucumis sativus,P78D03,leaf,WI7416_F2:3_048,Sire302,Dam302,Farm256,Sunny,Josue,Green
78,E,3,Cucumber,Cucumis sativus,P78E03,leaf,WI7416_F2:3_077,Sire303,Dam303,Farm257,Sunny,Josue,Blue
78,F,3,Cucumber,Cucumis sativus,P78F03,leaf,WI7416_F2:3_097,Sire304,Dam304,Farm258,Sunny,Josue,Yellow
78,G,3,Cucumber,Cucumis sativus,P78G03,leaf,WI7416_F2:3_112,Sire305,Dam305,Farm259,Sunny,Josue,Green
78,H,3,Cucumber,Cucumis sativus,P78H03,leaf,WI7416_F2:3_126,Sire306,Dam306,Farm260,Sunny,Josue,Blue
78,A,4,Cucumber,Cucumis sativus,P78A04,leaf,WI7416_F2:3_001,Sire307,Dam307,Farm261,Sunny,Josue,Yellow
78,B,4,Cucumber,Cucumis sativus,P78B04,leaf,WI7416_F2:3_018,Sire308,Dam308,Farm262,Sunny,Josue,Green
78,C,4,Cucumber,Cucumis sativus,P78C04,leaf,WI7416_F2:3_033,Sire309,Dam309,Farm263,Sunny,Josue,Blue
78,D,4,Cucumber,Cucumis sativus,P78D04,leaf,WI7416_F2:3_049,Sire310,Dam310,Farm264,Sunny,Josue,Yellow
78,E,4,Cucumber,Cucumis sativus,P78E04,leaf,WI7416_F2:3_078,Sire311,Dam311,Farm265,Sunny,Josue,Green
78,F,4,Cucumber,Cucumis sativus,P78F04,leaf,WI7416_F2:3_098,Sire312,Dam312,Farm266,Sunny,Josue,Blue
78,G,4,Cucumber,Cucumis sativus,P78G04,leaf,WI7416_F2:3_113,Sire313,Dam313,Farm267,Sunny,Josue,Yellow
78,H,4,Cucumber,Cucumis sativus,P78H04,leaf,WI7416_F2:3_127,Sire314,Dam314,Farm268,Sunny,Josue,Green
78,A,5,Cucumber,Cucumis sativus,P78A05,leaf,WI7416_F2:3_004,Sire315,Dam315,Farm269,Sunny,Josue,Blue
78,B,5,Cucumber,Cucumis sativus,P78B05,leaf,WI7416_F2:3_020,Sire316,Dam316,Farm270,Sunny,Josue,Yellow
78,C,5,Cucumber,Cucumis sativus,P78C05,leaf,WI7416_F2:3_035,Sire317,Dam317,Farm271,Sunny,Josue,Green
78,D,5,Cucumber,Cucumis sativus,P78D05,leaf,WI7416_F2:3_055,Sire318,Dam318,Farm272,Sunny,Josue,Blue
78,E,5,Cucumber,Cucumis sativus,P78E05,leaf,WI7416_F2:3_080,Sire319,Dam319,Farm273,Sunny,Josue,Yellow
78,F,5,Cucumber,Cucumis sativus,P78F05,leaf,WI7416_F2:3_099,Sire320,Dam320,Farm274,Sunny,Josue,Green
78,G,5,Cucumber,Cucumis sativus,P78G05,leaf,WI7416_F2:3_114,Sire321,Dam321,Farm275,Sunny,Josue,Blue
78,H,5,Cucumber,Cucumis sativus,P78H05,leaf,WI7416_F2:3_128,Sire322,Dam322,Farm276,Sunny,Josue,Yellow
78,A,6,Cucumber,Cucumis sativus,P78A06,leaf,WI7416_F2:3_006,Sire323,Dam323,Farm277,Sunny,Josue,Green
78,B,6,Cucumber,Cucumis sativus,P78B06,leaf,WI7416_F2:3_021,Sire324,Dam324,Farm278,Sunny,Josue,Blue
78,C,6,Cucumber,Cucumis sativus,P78C06,leaf,WI7416_F2:3_036,Sire325,Dam325,Farm279,Sunny,Josue,Yellow
78,D,6,Cucumber,Cucumis sativus,P78D06,leaf,WI7416_F2:3_057,Sire326,Dam326,Farm280,Sunny,Josue,Green
78,E,6,Cucumber,Cucumis sativus,P78E06,leaf,WI7416_F2:3_082,Sire327,Dam327,Farm281,Sunny,Josue,Blue
78,F,6,Cucumber,Cucumis sativus,P78F06,leaf,WI7416_F2:3_101,Sire328,Dam328,Farm282,Sunny,Josue,Yellow
78,G,6,Cucumber,Cucumis sativus,P78G06,leaf,WI7416_F2:3_115,Sire329,Dam329,Farm283,Sunny,Josue,Green
78,H,6,Cucumber,Cucumis sativus,P78H06,leaf,WI7416_F2:3_130,Sire330,Dam330,Farm284,Sunny,Josue,Blue
78,A,7,Cucumber,Cucumis sativus,P78A07,leaf,WI7416_F2:3_008,Sire331,Dam331,Farm285,Sunny,Josue,Yellow
78,B,7,Cucumber,Cucumis sativus,P78B07,leaf,WI7416_F2:3_023,Sire332,Dam332,Farm286,Sunny,Josue,Green
78,C,7,Cucumber,Cucumis sativus,P78C07,leaf,WI7416_F2:3_037,Sire333,Dam333,Farm287,Sunny,Josue,Blue
78,D,7,Cucumber,Cucumis sativus,P78D07,leaf,WI7416_F2:3_059,Sire334,Dam334,Farm288,Sunny,Josue,Yellow
78,E,7,Cucumber,Cucumis sativus,P78E07,leaf,WI7416_F2:3_084,Sire335,Dam335,Farm289,Sunny,Josue,Green
78,F,7,Cucumber,Cucumis sativus,P78F07,leaf,WI7416_F2:3_102,Sire336,Dam336,Farm290,Sunny,Josue,Blue
78,G,7,Cucumber,Cucumis sativus,P78G07,leaf,WI7416_F2:3_116,Sire337,Dam337,Farm291,Sunny,Josue,Yellow
78,H,7,Cucumber,Cucumis sativus,P78H07,leaf,WI7416_F2:3_131,Sire338,Dam338,Farm292,Sunny,Josue,Green
78,A,8,Cucumber,Cucumis sativus,P78A08,leaf,WI7416_F2:3_009,Sire339,Dam339,Farm293,Sunny,Josue,Blue
78,B,8,Cucumber,Cucumis sativus,P78B08,leaf,WI7416_F2:3_024,Sire340,Dam340,Farm294,Sunny,Josue,Yellow
78,C,8,Cucumber,Cucumis sativus,P78C08,leaf,WI7416_F2:3_039,Sire341,Dam341,Farm295,Sunny,Josue,Green
78,D,8,Cucumber,Cucumis sativus,P78D08,leaf,WI7416_F2:3_060,Sire342,Dam342,Farm296,Sunny,Josue,Blue
78,E,8,Cucumber,Cucumis sativus,P78E08,leaf,WI7416_F2:3_085,Sire343,Dam343,Farm297,Sunny,Josue,Yellow
78,F,8,Cucumber,Cucumis sativus,P78F08,leaf,WI7416_F2:3_103,Sire344,Dam344,Farm298,Sunny,Josue,Green
78,G,8,Cucumber,Cucumis sativus,P78G08,leaf,WI7416_F2:3_117,Sire345,Dam345,Farm299,Sunny,Josue,Blue
78,H,8,Cucumber,Cucumis sativus,P78H08,leaf,WI7416_F2:3_132,Sire346,Dam346,Farm300,Sunny,Josue,Yellow
78,A,9,Cucumber,Cucumis sativus,P78A09,leaf,WI7416_F2:3_011,Sire347,Dam347,Farm301,Sunny,Josue,Green
78,B,9,Cucumber,Cucumis sativus,P78B09,leaf,WI7416_F2:3_025,Sire348,Dam348,Farm302,Sunny,Josue,Blue
78,C,9,Cucumber,Cucumis sativus,P78C09,leaf,WI7416_F2:3_041,Sire349,Dam349,Farm303,Sunny,Josue,Yellow
78,D,9,Cucumber,Cucumis sativus,P78D09,leaf,WI7416_F2:3_061,Sire350,Dam350,Farm304,Sunny,Josue,Green
78,E,9,Cucumber,Cucumis sativus,P78E09,leaf,WI7416_F2:3_087,Sire351,Dam351,Farm305,Sunny,Josue,Blue
78,F,9,Cucumber,Cucumis sativus,P78F09,leaf,WI7416_F2:3_104,Sire352,Dam352,Farm306,Sunny,Josue,Yellow
78,G,9,Cucumber,Cucumis sativus,P78G09,leaf,WI7416_F2:3_118,Sire353,Dam353,Farm307,Sunny,Josue,Green
78,H,9,Cucumber,Cucumis sativus,P78H09,leaf,WI7416_F2:3_135,Sire354,Dam354,Farm308,Sunny,Josue,Blue
78,A,10,Cucumber,Cucumis sativus,P78A10,leaf,WI7416_F2:3_012,Sire355,Dam355,Farm309,Sunny,Josue,Yellow
78,B,10,Cucumber,Cucumis sativus,P78B10,leaf,WI7416_F2:3_026,Sire356,Dam356,Farm310,Sunny,Josue,Green
78,C,10,Cucumber,Cucumis sativus,P78C10,leaf,WI7416_F2:3_042,Sire357,Dam357,Farm311,Sunny,Josue,Blue
78,D,10,Cucumber,Cucumis sativus,P78D10,leaf,WI7416_F2:3_062,Sire358,Dam358,Farm312,Sunny,Josue,Yellow
78,E,10,Cucumber,Cucumis sativus,P78E10,leaf,WI7416_F2:3_088,Sire359,Dam359,Farm313,Sunny,Josue,Green
78,F,10,Cucumber,Cucumis sativus,P78F10,leaf,WI7416_F2:3_106,Sire360,Dam360,Farm314,Sunny,Josue,Blue
78,G,10,Cucumber,Cucumis sativus,P78G10,leaf,WI7416_F2:3_119,Sire361,Dam361,Farm315,Sunny,Josue,Yellow
78,H,10,Cucumber,Cucumis sativus,P78H10,leaf,WI7416_F2:3_136,Sire362,Dam362,Farm316,Sunny,Josue,Green
78,A,11,Cucumber,Cucumis sativus,P78A11,leaf,WI7416_F2:3_013,Sire363,Dam363,Farm317,Sunny,Josue,Blue
78,B,11,Cucumber,Cucumis sativus,P78B11,leaf,WI7416_F2:3_027,Sire364,Dam364,Farm318,Sunny,Josue,Yellow
78,C,11,Cucumber,Cucumis sativus,P78C11,leaf,WI7416_F2:3_043,Sire365,Dam365,Farm319,Sunny,Josue,Green
78,D,11,Cucumber,Cucumis sativus,P78D11,leaf,WI7416_F2:3_064,Sire366,Dam366,Farm320,Sunny,Josue,Blue
78,E,11,Cucumber,Cucumis sativus,P78E11,leaf,WI7416_F2:3_089,Sire367,Dam367,Farm321,Sunny,Josue,Yellow
78,F,11,Cucumber,Cucumis sativus,P78F11,leaf,WI7416_F2:3_107,Sire368,Dam368,Farm322,Sunny,Josue,Green
78,G,11,Cucumber,Cucumis sativus,P78G11,leaf,WI7416_F2:3_121,Sire369,Dam369,Farm323,Sunny,Josue,Blue
78,H,11,Cucumber,Cucumis sativus,P78H11,leaf,WI7416_F2:3_137,Sire370,Dam370,Farm324,Sunny,Josue,Yellow
78,A,12,Cucumber,Cucumis sativus,P78A12,leaf,WI7416_F2:3_014,Sire371,Dam371,Farm325,Sunny,Josue,Green
78,B,12,Cucumber,Cucumis sativus,P78B12,leaf,WI7416_F2:3_028,Sire372,Dam372,Farm326,Sunny,Josue,Blue
78,C,12,Cucumber,Cucumis sativus,P78C12,leaf,WI7416_F2:3_044,Sire373,Dam373,Farm327,Sunny,Josue,Yellow
78,D,12,Cucumber,Cucumis sativus,P78D12,leaf,WI7416_F2:3_069,Sire374,Dam374,Farm328,Sunny,Josue,Green
78,E,12,Cucumber,Cucumis sativus,P78E12,leaf,WI7416_F2:3_090,Sire375,Dam375,Farm329,Sunny,Josue,Blue
78,F,12,Cucumber,Cucumis sativus,P78F12,leaf,WI7416_F2:3_108,Sire376,Dam376,Farm330,Sunny,Josue,Yellow
79,A,1,Cucumber,Cucumis sativus,P79A01,leaf,WI7841_BC1F2_1,Sire377,Dam377,Farm331,Sunny,Josue,Green
79,B,1,Cucumber,Cucumis sativus,P79B01,leaf,WI7841_BC1F2_13,Sire378,Dam378,Farm332,Sunny,Josue,Blue
79,C,1,Cucumber,Cucumis sativus,P79C01,leaf,WI7841_BC1F2_25,Sire379,Dam379,Farm333,Sunny,Josue,Yellow
79,D,1,Cucumber,Cucumis sativus,P79D01,leaf,WI7841_BC1F2_37,Sire380,Dam380,Farm334,Sunny,Josue,Green
79,E,1,Cucumber,Cucumis sativus,P79E01,leaf,WI7841_BC1F2_49,Sire381,Dam381,Farm335,Sunny,Josue,Blue
79,F,1,Cucumber,Cucumis sativus,P79F01,leaf,WI7416_F2:3_144,Sire382,Dam382,Farm336,Sunny,Josue,Yellow
79,G,1,Cucumber,Cucumis sativus,P79G01,leaf,WI7416_F2:3_160,Sire383,Dam383,Farm337,Sunny,Josue,Green
79,H,1,Cucumber,Cucumis sativus,P79H01,leaf,WI7864_PMF2_011,Sire384,Dam384,Farm338,Sunny,Josue,Blue
79,A,2,Cucumber,Cucumis sativus,P79A02,leaf,WI7841_BC1F2_2,Sire385,Dam385,Farm339,Sunny,Josue,Yellow
79,B,2,Cucumber,Cucumis sativus,P79B02,leaf,WI7841_BC1F2_14,Sire386,Dam386,Farm340,Sunny,Josue,Green
79,C,2,Cucumber,Cucumis sativus,P79C02,leaf,WI7841_BC1F2_26,Sire387,Dam387,Farm341,Sunny,Josue,Blue
79,D,2,Cucumber,Cucumis sativus,P79D02,leaf,WI7841_BC1F2_38,Sire388,Dam388,Farm342,Sunny,Josue,Yellow
79,E,2,Cucumber,Cucumis sativus,P79E2,leaf,WI7841_BC1F2_50,Sire389,Dam389,Farm343,Sunny,Josue,Green
79,F,2,Cucumber,Cucumis sativus,P79F02,leaf,WI7416_F2:3_146,Sire390,Dam390,Farm344,Sunny,Josue,Blue
79,G,2,Cucumber,Cucumis sativus,P79G02,leaf,WI7864_PMF2_001,Sire391,Dam391,Farm345,Sunny,Josue,Yellow
79,H,2,Cucumber,Cucumis sativus,P79H02,leaf,WI7864_PMF2_012,Sire392,Dam392,Farm346,Sunny,Josue,Green
79,A,3,Cucumber,Cucumis sativus,P79A03,leaf,WI7841_BC1F2_3,Sire393,Dam393,Farm347,Sunny,Josue,Blue
79,B,3,Cucumber,Cucumis sativus,P79B03,leaf,WI7841_BC1F2_15,Sire394,Dam394,Farm348,Sunny,Josue,Yellow
79,C,3,Cucumber,Cucumis sativus,P79C03,leaf,WI7841_BC1F2_27,Sire395,Dam395,Farm349,Sunny,Josue,Green
79,D,3,Cucumber,Cucumis sativus,P79D03,leaf,WI7841_BC1F2_39,Sire396,Dam396,Farm350,Sunny,Josue,Blue
79,E,3,Cucumber,Cucumis sativus,P79E3,leaf,WI7841_BC1F2_51,Sire397,Dam397,Farm351,Sunny,Josue,Yellow
79,F,3,Cucumber,Cucumis sativus,P79F03,leaf,WI7416_F2:3_147,Sire398,Dam398,Farm352,Sunny,Josue,Green
79,G,3,Cucumber,Cucumis sativus,P79G03,leaf,WI7864_PMF2_002,Sire399,Dam399,Farm353,Sunny,Josue,Blue
79,H,3,Cucumber,Cucumis sativus,P79H03,leaf,WI7864_PMF2_013,Sire400,Dam400,Farm354,Sunny,Josue,Yellow
79,A,4,Cucumber,Cucumis sativus,P79A04,leaf,WI7841_BC1F2_4,Sire401,Dam401,Farm355,Sunny,Josue,Green
79,B,4,Cucumber,Cucumis sativus,P79B04,leaf,WI7841_BC1F2_16,Sire402,Dam402,Farm356,Sunny,Josue,Blue
79,C,4,Cucumber,Cucumis sativus,P79C04,leaf,WI7841_BC1F2_28,Sire403,Dam403,Farm357,Sunny,Josue,Yellow
79,D,4,Cucumber,Cucumis sativus,P79D04,leaf,WI7841_BC1F2_40,Sire404,Dam404,Farm358,Sunny,Josue,Green
79,E,4,Cucumber,Cucumis sativus,P79E4,leaf,WI7841_BC1F2_52,Sire405,Dam405,Farm359,Sunny,Josue,Blue
79,F,4,Cucumber,Cucumis sativus,P79F04,leaf,WI7416_F2:3_149,Sire406,Dam406,Farm360,Sunny,Josue,Yellow
79,G,4,Cucumber,Cucumis sativus,P79G04,leaf,WI7864_PMF2_003,Sire407,Dam407,Farm361,Sunny,Josue,Green
79,H,4,Cucumber,Cucumis sativus,P79H04,leaf,WI7864_PMF2_014,Sire408,Dam408,Farm362,Sunny,Josue,Blue
79,A,5,Cucumber,Cucumis sativus,P79A05,leaf,WI7841_BC1F2_5,Sire409,Dam409,Farm363,Sunny,Josue,Yellow
79,B,5,Cucumber,Cucumis sativus,P79B05,leaf,WI7841_BC1F2_17,Sire410,Dam410,Farm364,Sunny,Josue,Green
79,C,5,Cucumber,Cucumis sativus,P79C05,leaf,WI7841_BC1F2_29,Sire411,Dam411,Farm365,Sunny,Josue,Blue
79,D,5,Cucumber,Cucumis sativus,P79D05,leaf,WI7841_BC1F2_41,Sire412,Dam412,Farm366,Sunny,Josue,Yellow
79,E,5,Cucumber,Cucumis sativus,P79E5,leaf,WI7841_BC1F2_53,Sire413,Dam413,Farm367,Sunny,Josue,Green
79,F,5,Cucumber,Cucumis sativus,P79F05,leaf,WI7416_F2:3_152,Sire414,Dam414,Farm368,Sunny,Josue,Blue
79,G,5,Cucumber,Cucumis sativus,P79G05,leaf,WI7864_PMF2_004,Sire415,Dam415,Farm369,Sunny,Josue,Yellow
79,H,5,Cucumber,Cucumis sativus,P79H05,leaf,WI7864_PMF2_015,Sire416,Dam416,Farm370,Sunny,Josue,Green
79,A,6,Cucumber,Cucumis sativus,P79A06,leaf,WI7841_BC1F2_6,Sire417,Dam417,Farm371,Sunny,Josue,Blue
79,B,6,Cucumber,Cucumis sativus,P79B06,leaf,WI7841_BC1F2_18,Sire418,Dam418,Farm372,Sunny,Josue,Yellow
79,C,6,Cucumber,Cucumis sativus,P79C06,leaf,WI7841_BC1F2_30,Sire419,Dam419,Farm373,Sunny,Josue,Green
79,D,6,Cucumber,Cucumis sativus,P79D06,leaf,WI7841_BC1F2_42,Sire420,Dam420,Farm374,Sunny,Josue,Blue
79,E,6,Cucumber,Cucumis sativus,P79E6,leaf,WI7841_BC1F2_54,Sire421,Dam421,Farm375,Sunny,Josue,Yellow
79,F,6,Cucumber,Cucumis sativus,P79F06,leaf,WI7416_F2:3_153,Sire422,Dam422,Farm376,Sunny,Josue,Green
79,G,6,Cucumber,Cucumis sativus,P79G06,leaf,WI7864_PMF2_005,Sire423,Dam423,Farm377,Sunny,Josue,Blue
79,H,6,Cucumber,Cucumis sativus,P79H06,leaf,WI7864_PMF2_016,Sire424,Dam424,Farm378,Sunny,Josue,Yellow
79,A,7,Cucumber,Cucumis sativus,P79A07,leaf,WI7841_BC1F2_7,Sire425,Dam425,Farm379,Sunny,Josue,Green
79,B,7,Cucumber,Cucumis sativus,P79B07,leaf,WI7841_BC1F2_19,Sire426,Dam426,Farm380,Sunny,Josue,Blue
79,C,7,Cucumber,Cucumis sativus,P79C07,leaf,WI7841_BC1F2_31,Sire427,Dam427,Farm381,Sunny,Josue,Yellow
79,D,7,Cucumber,Cucumis sativus,P79D07,leaf,WI7841_BC1F2_43,Sire428,Dam428,Farm382,Sunny,Josue,Green
79,E,7,Cucumber,Cucumis sativus,P79E7,leaf,WI7841_BC1F2_55,Sire429,Dam429,Farm383,Sunny,Josue,Blue
79,F,7,Cucumber,Cucumis sativus,P79F07,leaf,WI7416_F2:3_154,Sire430,Dam430,Farm384,Sunny,Josue,Yellow
79,G,7,Cucumber,Cucumis sativus,P79G07,leaf,WI7864_PMF2_006,Sire431,Dam431,Farm385,Sunny,Josue,Green
79,H,7,Cucumber,Cucumis sativus,P79H07,leaf,WI7864_PMF2_017,Sire432,Dam432,Farm386,Sunny,Josue,Blue
79,A,8,Cucumber,Cucumis sativus,P79A08,leaf,WI7841_BC1F2_8,Sire433,Dam433,Farm387,Sunny,Josue,Yellow
79,B,8,Cucumber,Cucumis sativus,P79B08,leaf,WI7841_BC1F2_20,Sire434,Dam434,Farm388,Sunny,Josue,Green
79,C,8,Cucumber,Cucumis sativus,P79C08,leaf,WI7841_BC1F2_32,Sire435,Dam435,Farm389,Sunny,Josue,Blue
79,D,8,Cucumber,Cucumis sativus,P79D08,leaf,WI7841_BC1F2_44,Sire436,Dam436,Farm390,Sunny,Josue,Yellow
79,E,8,Cucumber,Cucumis sativus,P79E8,leaf,WI7841_BC1F2_56,Sire437,Dam437,Farm391,Sunny,Josue,Green
79,F,8,Cucumber,Cucumis sativus,P79F08,leaf,WI7416_F2:3_155,Sire438,Dam438,Farm392,Sunny,Josue,Blue
79,G,8,Cucumber,Cucumis sativus,P79G08,leaf,WI7864_PMF2_007,Sire439,Dam439,Farm393,Sunny,Josue,Yellow
79,H,8,Cucumber,Cucumis sativus,P79H08,leaf,WI7864_PMF2_018,Sire440,Dam440,Farm394,Sunny,Josue,Green
79,A,9,Cucumber,Cucumis sativus,P79A09,leaf,WI7841_BC1F2_9,Sire441,Dam441,Farm395,Sunny,Josue,Blue
79,B,9,Cucumber,Cucumis sativus,P79B09,leaf,WI7841_BC1F2_21,Sire442,Dam442,Farm396,Sunny,Josue,Yellow
79,C,9,Cucumber,Cucumis sativus,P79C09,leaf,WI7841_BC1F2_33,Sire443,Dam443,Farm397,Sunny,Josue,Green
79,D,9,Cucumber,Cucumis sativus,P79D09,leaf,WI7841_BC1F2_45,Sire444,Dam444,Farm398,Sunny,Josue,Blue
79,E,9,Cucumber,Cucumis sativus,P79E9,leaf,WI7416_F2:3_139,Sire445,Dam445,Farm399,Sunny,Josue,Yellow
79,F,9,Cucumber,Cucumis sativus,P79F09,leaf,WI7416_F2:3_156,Sire446,Dam446,Farm400,Sunny,Josue,Green
79,G,9,Cucumber,Cucumis sativus,P79G09,leaf,WI7864_PMF2_008,Sire447,Dam447,Farm401,Sunny,Josue,Blue
79,H,9,Cucumber,Cucumis sativus,P79H09,leaf,WI7864_PMF2_019,Sire448,Dam448,Farm402,Sunny,Josue,Yellow
79,A,10,Cucumber,Cucumis sativus,P79A10,leaf,WI7841_BC1F2_10,Sire449,Dam449,Farm403,Sunny,Josue,Green
79,B,10,Cucumber,Cucumis sativus,P79B10,leaf,WI7841_BC1F2_22,Sire450,Dam450,Farm404,Sunny,Josue,Blue
79,C,10,Cucumber,Cucumis sativus,P79C10,leaf,WI7841_BC1F2_34,Sire451,Dam451,Farm405,Sunny,Josue,Yellow
79,D,10,Cucumber,Cucumis sativus,P79D10,leaf,WI7841_BC1F2_46,Sire452,Dam452,Farm406,Sunny,Josue,Green
79,E,10,Cucumber,Cucumis sativus,P79E10,leaf,WI7416_F2:3_140,Sire453,Dam453,Farm407,Sunny,Josue,Blue
79,F,10,Cucumber,Cucumis sativus,P79F10,leaf,WI7416_F2:3_157,Sire454,Dam454,Farm408,Sunny,Josue,Yellow
79,G,10,Cucumber,Cucumis sativus,P79G10,leaf,WI7864_PMF2_009,Sire455,Dam455,Farm409,Sunny,Josue,Green
79,H,10,Cucumber,Cucumis sativus,P79H10,leaf,WI7864_PMF2_020,Sire456,Dam456,Farm410,Sunny,Josue,Blue
79,A,11,Cucumber,Cucumis sativus,P79A11,leaf,WI7841_BC1F2_11,Sire457,Dam457,Farm411,Sunny,Josue,Yellow
79,B,11,Cucumber,Cucumis sativus,P79B11,leaf,WI7841_BC1F2_23,Sire458,Dam458,Farm412,Sunny,Josue,Green
79,C,11,Cucumber,Cucumis sativus,P79C11,leaf,WI7841_BC1F2_35,Sire459,Dam459,Farm413,Sunny,Josue,Blue
79,D,11,Cucumber,Cucumis sativus,P79D11,leaf,WI7841_BC1F2_47,Sire460,Dam460,Farm414,Sunny,Josue,Yellow
79,E,11,Cucumber,Cucumis sativus,P79E11,leaf,WI7416_F2:3_141,Sire461,Dam461,Farm415,Sunny,Josue,Green
79,F,11,Cucumber,Cucumis sativus,P79F11,leaf,WI7416_F2:3_158,Sire462,Dam462,Farm416,Sunny,Josue,Blue
79,G,11,Cucumber,Cucumis sativus,P79G11,leaf,WI7864_PMF2_010,Sire463,Dam463,Farm417,Sunny,Josue,Yellow
79,H,11,Cucumber,Cucumis sativus,P79H11,leaf,WI7864_PMF2_021,Sire464,Dam464,Farm418,Sunny,Josue,Green
79,A,12,Cucumber,Cucumis sativus,P79A12,leaf,WI7841_BC1F2_12,Sire465,Dam465,Farm419,Sunny,Josue,Blue
79,B,12,Cucumber,Cucumis sativus,P79B12,leaf,WI7841_BC1F2_24,Sire466,Dam466,Farm420,Sunny,Josue,Yellow
79,C,12,Cucumber,Cucumis sativus,P79C12,leaf,WI7841_BC1F2_36,Sire467,Dam467,Farm421,Sunny,Josue,Green
79,D,12,Cucumber,Cucumis sativus,P79D12,leaf,WI7841_BC1F2_48,Sire468,Dam468,Farm422,Sunny,Josue,Blue
79,E,12,Cucumber,Cucumis sativus,P79E12,leaf,WI7416_F2:3_142,Sire469,Dam469,Farm423,Sunny,Josue,Yellow
79,F,12,Cucumber,Cucumis sativus,P79F12,leaf,WI7416_F2:3_159,Sire470,Dam470,Farm424,Sunny,Josue,Green